source,chunk_index,summary,sentiment,confidence_score,people_entities,place_entities,org_entities,important_questions
https://en.wikipedia.org/wiki/Large_language_model,0,"Large language models (LLMs) are advanced computational systems designed for natural language processing, evolving from early statistical methods to modern transformer-based architectures. The field has seen significant milestones including the development of GPT-4, the rise of multimodal capabilities, and the emergence of high-performance open-weight models like DeepSeek R1. These models are trained on vast datasets to perform tasks such as text generation, translation, and reasoning.",neutral,0.98,"Mikolov, Bahdanau, Vake",,"IBM, Google, OpenAI, Mistral AI, DeepSeek, Hugging Face, NeurIPS",How did the introduction of the transformer architecture in 2017 change the landscape of natural language processing? | What are the primary differences between encoder-only models like BERT and decoder-only models like GPT? | How do open-weight models like DeepSeek R1 impact the accessibility and cost of high-performance AI?
https://en.wikipedia.org/wiki/Large_language_model,1,"This text provides a comprehensive overview of Large Language Models, covering their development, training processes, and architectural components like transformers and mixture of experts. It highlights the rise of open-weight models such as DeepSeek R1 and Mistral, while also discussing the technical and financial challenges associated with scaling these systems.",neutral,0.98,"Vake, Yenni Jun",,"Mistral AI, DeepSeek, OpenAI, Hugging Face",How do open-weight models like DeepSeek R1 compare to proprietary models in terms of cost and performance? | What role does tokenization play in converting text into a format suitable for machine learning algorithms? | Why is dataset cleaning considered crucial for the efficiency and performance of training LLMs?
https://en.wikipedia.org/wiki/Large_language_model,2,"The text outlines the development and optimization of Large Language Models, focusing on techniques like quantization, prompt engineering, and Retrieval-augmented generation. It further discusses the emergence of reasoning models and multimodal capabilities that allow AI to process diverse data types and act as autonomous agents.",neutral,0.95,,China,"OpenAI, Google, DeepSeek",How does quantization balance model performance with reduced memory requirements? | What are the key differences between the o1 and DeepSeek-R1 reasoning models? | How does multimodality change the way LLMs interact with different types of data like audio and video?
https://en.wikipedia.org/wiki/Large_language_model,3,"The text discusses the evolution of Large Language Models into multimodal systems capable of processing images, audio, and video, as well as their applications in programming and computational biology. It also details the mathematical scaling laws that govern model performance and the phenomenon of emergent abilities that appear as models increase in size.",neutral,0.95,Schaeffer,,"Google, Meta Platforms, GitHub","What is the technical difference between early fusion and intermediate fusion in multimodal models? | How does the Chinchilla scaling law predict the relationship between training cost, parameters, and dataset size? | What specific parameter threshold was identified for the emergence of chain-of-thought prompting abilities?"
https://en.wikipedia.org/wiki/Large_language_model,4,"The text examines the technical and philosophical aspects of Large Language Models, focusing on emergent behaviors, mechanistic interpretability, and the debate over AI intelligence. It details how researchers evaluate model performance through metrics like perplexity and benchmarks while addressing concerns such as hallucinations and safety.",neutral,0.95,"Ilya Sutskever, Connor Leahy, George Lakoff, Vyvyan Evans, Claude Shannon, Terrence Sejnowski",,"Anthropic, OpenAI, Microsoft, DeepMind, Conjecture",How does the mathematical representation of model performance influence the perception of emergent abilities? | What are the key differences between the 'stochastic parrot' perspective and the belief in LLM understanding? | In what ways does mechanistic interpretability help in detecting and mitigating unintended AI behaviors?
https://en.wikipedia.org/wiki/Large_language_model,5,"This text examines the methodologies for evaluating Large Language Models (LLMs) and the inherent limitations that hinder their deployment in high-stakes scenarios. It details various benchmarks used to detect biases and hallucinations while highlighting safety concerns such as prompt injection and the potential for spreading misinformation. Furthermore, it discusses how adversarial evaluations and 'LLM grooming' techniques reveal the gap between model performance and human-level reasoning.",neutral,0.95,"Claude Shannon, Kevin Esvelt, Yongge Wang",San Jose,"DeepMind, PolitiFact, Snopes, San Jose Sharks, American Sunlight Project","How do adversarial datasets like TruthfulQA and HellaSwag expose the limitations of LLMs compared to human reasoning? | What are the primary safety risks associated with LLMs, and how does 'LLM grooming' contribute to the spread of misinformation? | In what ways do training data demographics lead to algorithmic biases in gender, language, and political viewpoints?"
https://en.wikipedia.org/wiki/Large_language_model,6,"The text examines the multifaceted risks of large language models, ranging from security vulnerabilities like prompt injection and sleeper agents to societal issues such as copyright infringement and high energy consumption. It highlights how these systems can be manipulated for disinformation or exhibit sycophancy, potentially altering user beliefs and complicating mental health support.",negative,0.95,"Yongge Wang, Luccioni, Jernite, Strubell, Brinkmann",U.S.,"The American Sunlight Project, Google, OpenAI, Anthropic, Meta, Epoch AI, Sentio University, Harvard Business Review, Nature Biomedical Engineering",How can developers prevent 'LLM grooming' and the strategic placement of biased content by propaganda networks? | What are the legal implications of the $1.5 billion settlement regarding pirated books used in AI training? | How can AI systems be redesigned to avoid sycophancy and prioritize factuality over user validation?
https://en.wikipedia.org/wiki/Large_language_model,7,"The text discusses the growing trend of individuals using large language models for mental health support, despite risks such as hallucinations and a lack of crisis safety protocols. It also explores the debate over AI sentience, contrasting the majority view that LLMs are non-sentient 'illusion engines' with minority concerns regarding potential AI suffering and ethical protections.",neutral,0.95,"Leonard Dung, Blake Lemoine, Murray Shanahan, Kristina Šekrst, David Chalmers, Tom B. Brown, Ashish Vaswani, Ilya Sutskever, Dan Hendrycks","U.S., Hersonissos, Greece, Morristown, NJ, USA","Sentio University, Google, ACM, Association for Computational Linguistics, Curran Associates, Inc.",What are the specific risks identified when using LLMs for mental health therapy instead of human professionals? | How did the 2022 Google LaMDA incident influence public and academic discourse on AI sentience? | What precautionary measures have been proposed by philosophers to address the potential for AI suffering?
https://en.wikipedia.org/wiki/Large_language_model,8,"This text comprises a comprehensive list of academic citations and news reports documenting the evolution of neural networks and large language models from 2000 to 2025. It highlights key milestones such as the development of transformer architectures, the rise of ChatGPT, and the emergence of cost-effective open-source alternatives like DeepSeek-R1.",neutral,0.98,"Ilya Sutskever, Yoshua Bengio, Stephen Wolfram, Geoffrey Hinton, Cade Metz, Margaret Mitchell, Noam Shazeer, Anna Rogers","Champaign, Illinois","OpenAI, Association for Computational Linguistics, The New York Times, MIT Technology Review, VentureBeat, Anthropic, The Guardian",How does the cost-efficiency of open-source models like DeepSeek-R1 compare to proprietary systems like OpenAI o1? | What impact does language-specific tokenization have on the operational costs of large language models? | How has the implementation of Constitutional AI changed the way chatbots adhere to human values?
https://en.wikipedia.org/wiki/Large_language_model,9,"This text provides a comprehensive list of academic citations and news references detailing the development of Large Language Models and conversational AI between 2014 and 2025. It highlights key research milestones such as Retrieval-Augmented Generation, chain-of-thought prompting, and the emergence of autonomous agents. The references include contributions from major technology companies, academic journals, and mainstream media outlets.",neutral,0.98,"Munazza Zaib, Noam Shazeer, Geoffrey Hinton, Jeff Dean, Tobias Mann, Noah A. Smith, Patrick Lewis, Jason Wei, Cade Metz, Ryan Kiros",China,"IBM, OpenAI, VentureBeat, TechCrunch, The New York Times, Nature, IEEE Spectrum, Association for Computing Machinery, The Register",What are the key differences between chain-of-thought prompting and other reasoning techniques mentioned in the citations? | How do autonomous agents utilize interactive planning with Large Language Models according to the 2023 research? | What role does post-training quantization play in the local execution of LLMs on personal hardware?
https://en.wikipedia.org/wiki/Large_language_model,10,"This text is a collection of academic and journalistic citations detailing significant advancements in artificial intelligence, specifically focusing on multimodal language models and their applications in fields like biology and coding. It highlights key research from major institutions and publications regarding the evolution of reasoning capabilities and scaling laws in large-scale neural networks.",neutral,0.98,"Cade Metz, Elizabeth Gibney, Ryan Kiros, Ruslan Salakhutdinov, Rich Zemel, Danny Driess, Haotian Liu, James Finnie-Ansley, Zeming Lin, Thomas Hayes, Veniamin Fishman, Ning Wang, Jordan Hoffmann, Ethan Caballero, Jason Wei","China, New York, USA","IEEE Spectrum, OpenAI, The New York Times, Nature, PMLR, ICML, NeurIPS, EMNLP, The Register, Association for Computing Machinery, Meta AI, Science, Nucleic Acids Research, Nature Machine Intelligence",How do multimodal models like GPT-4o and PaLM-E differ in their approach to processing non-textual data? | What are the implications of protein language models for simulating long-term biological evolution? | What specific challenges do 'Broken Neural Scaling Laws' present for the future of AI development?
https://en.wikipedia.org/wiki/Large_language_model,11,"This text consists of a comprehensive bibliography of academic papers and news articles focused on the development and analysis of Large Language Models (LLMs). It covers key research areas including scaling laws, emergent abilities, mechanistic interpretability, and the ethical concerns surrounding 'stochastic parrots' and AI hallucinations.",neutral,0.98,"Elena Cai, Trevor Rutherford, Eliza Casas, Diego de Las, Lisa Anne Hendricks, Johannes Welbl, Aidan Clark, Tom Hennigan, Eric Noland, Katie Millican, George van den Driessche, Bogdan Damoc, Ethan Caballero, Kshitij Gupta, Irina Rish, David Krueger, Jason Wei, Yi Tay, Rishi Bommasani, Colin Raffel, Barret Zoph, Sebastian Borgeaud, Dani Yogatama, Maarten Bosma, Denny Zhou, Donald Metzler, Ed H. Chi, Tatsunori Hashimoto, Oriol Vinyals, Percy Liang, Jeff Dean, William Fedus, Samuel R. Bowman, Michael Hahn, Navin Goyal, Mohammad Taher Pilehvar, Jose Camacho-Collados, Roma Patel, Ellie Pavlick, Yao Fu, Stephen Ornes, Rylan Schaeffer, Brando Miranda, Sanmi Koyejo, Neel Nanda, Lawrence Chan, Tom Lieberum, Jess Smith, Jacob Steinhardt, Anil Ananthaswamy, Melanie Mitchell, David C. Krakauer, Cade Metz, Sébastien Bubeck, Varun Chandrasekaran, Ronen Eldan, Johannes Gehrke, Eric Horvitz, Ece Kamar, Peter Lee, Yin Tat Lee, Yuanzhi Li, Scott Lundberg, Harsha Nori, Hamid Palangi, Marco Tulio Ribeiro, Yi Zhang, Dario Amodei, Cal Newport, Kevin Roose, Kristina Sekrst, Emily M. Bender, Timnit Gebru, Angelina McMillan-Major, Shmargaret Shmitchell, Ziwei Ji, Nayeon Lee, Rita Frieske, Tiezheng Yu, Dan Su, Yan Xu, Etsuko Ishii, Yejin Bang, Wenliang Dai, Andrea Madotto, Pascale Fung, Neeraj Varshney, Wenlin Yao, Hongming Zhang, Jianshu Chen, Dong Yu, Belle Lin, George Lakoff, Vyvyan Evans, Karl J. Friston","Minneapolis, Minnesota, New York","NeurIPS, arXiv, Transactions on Machine Learning Research, Critical AI, Frontiers of Computer Science, Association for Computational Linguistics, ICLR, Quanta Magazine, Proceedings of the National Academy of Sciences, The New York Times, Nature Human Behaviour, Anthropic, Fast Company, ZDNET, The New Yorker, Time Magazine, Springer, Association for Computing Machinery, Amazon, Wall Street Journal, Cambridge University Press, MIT",What are the primary arguments for and against the existence of 'emergent abilities' in large language models? | How does the concept of 'stochastic parrots' influence the current debate on AI safety and ethics? | To what extent can automated reasoning and mathematical validation reduce hallucinations in generative AI?
https://en.wikipedia.org/wiki/Large_language_model,12,"This text comprises a comprehensive bibliography of academic papers and news articles focused on the development, evaluation, and ethical implications of large language models. It highlights research into AI hallucinations, social bias measurement, and the comparative performance of AI versus human workers in complex textual analysis.",neutral,0.98,"George Lakoff, Vyvyan Evans, Karl J. Friston, Tom B. Brown, Claude E. Shannon, Ilya Sutskever, Dario Amodei, Dan Jurafsky, Samuel R. Bowman, Kevin Matthe Caramancion","New York, Cambridge, United States of America","Amazon, Wall Street Journal, The MIT Press, Cambridge University Press, IEEE, Association for Computational Linguistics, National Academy of Sciences, Nature Portfolio, Ars Technica","How does Amazon's use of automated reasoning specifically address the technical challenge of AI hallucinations? | What are the key differences in performance between ChatGPT, Bing AI, and Bard when evaluated for news fact-checking? | What methodologies are proposed in the cited research to quantify and mitigate stereotypical bias in pretrained language models?"
https://en.wikipedia.org/wiki/Large_language_model,13,"This collection of academic citations and news reports details the various risks, biases, and security vulnerabilities inherent in modern large language models. The research highlights issues ranging from covert racism and gender stereotypes to the potential for AI to be used in propaganda and cyberattacks.",negative,0.98,"Valentin Hofmann, Dan Jurafsky, Joy Buolamwini, Timnit Gebru, Dario Amodei, Melissa Heikkilä, Jacy Reese Anthis, Benj Edwards, Angelina Wang, Nicholas Carlini","New York, NY, USA, Japan, Russia","Association for Computing Machinery, Nature, MIT Technology Review, Salesforce, Anthropic, IEEE, American Sunlight Project, USENIX Association, National Academy of Sciences",How do large language models perpetuate systemic biases through dialect and identity representation? | What are the most significant security threats posed by prompt injection and data extraction techniques? | What legal and ethical frameworks are being established to address AI copyright and the environmental impact of deep learning?
https://en.wikipedia.org/wiki/Large_language_model,14,"This text is a compilation of academic and journalistic citations focusing on the security, legal, and environmental challenges of large language models. It covers topics such as prompt injection vulnerabilities, major copyright settlements involving AI companies, and the significant energy demands of AI infrastructure.",negative,0.98,"Kai Greshake, Sahar Abdelnabi, Shailesh Mishra, Christoph Endres, Thorsten Holz, Mario Fritz, Benj Edwards, Zhencan Peng, Zhizhi Wang, Dong Deng, Stephen Council, Levin Brinkmann, Fabian Baumann, Jean-François Bonnefon, Maxime Derex, Thomas F. Müller, Anne-Marie Nussberger, Agnieszka Czaplicka, Alberto Acerbi, Thomas L. Griffiths, Joseph Henrich, Joel Z. Leibo, Richard McElreath, Pierre-Yves Oudeyer, Jonathan Stray, Iyad Rahwan, Kate Niederhoffer, Gabriella Rosen Kellerman, Angela Lee, Alex Liebscher, Kristina Rapuano, Jeffrey T. Hancock, Oguz A. Acar, Phyliss Jia Jia Gai, Yanping Tu, Jiayi Hou, Josh You, Sasha Luccioni, Yacine Jernite, Emma Strubell, Thomas Claburn, Ashley Belanger, Marc Zao-Sanders, Tony Rousmaniere, Yimeng Zhang, Xu Li, Siddharth Shah, Jared Moore, Declan Grabb, William Agnew, Kevin Klyman, Stevie Chancellor, Desmond C. Ong, Nick Haber, Ryan K. McBain, Jonathan H. Cantor, Li Ang Zhang, Olesya Baker, Fang Zhang, Alyssa Halbisen, Aaron Kofner, Joshua Breslau, Bradley Stein, Ateev Mehrotra, Hao Yu, Fei-Fei Li, John Etchemendy, David J. Chalmers, Jonny Thomson, Brian Kateman, Thomas Metzinger","United States, SF, San Francisco","ACM, Anthropic, Ars Technica, Reuters, Associated Press, Meta, Wired, OpenAI, The Verge, SFGate, Nature Biomedical Engineering, Nature Human Behaviour, Harvard Business Review, Epoch AI, IMF, Association of Data Scientists, BBC, Time, Boston Review, Big Think, Journal of Artificial Intelligence and Consciousness",What are the primary security risks associated with indirect prompt injection in LLM-integrated applications? | How are copyright disputes between AI companies and authors being resolved in the U.S. court system? | What are the documented environmental and productivity costs associated with the widespread adoption of generative AI?
https://en.wikipedia.org/wiki/Large_language_model,15,"This text serves as a comprehensive reference guide and index for the fields of Artificial Intelligence and Natural Language Processing. It includes academic citations regarding AI consciousness, a directory of influential researchers, and a detailed taxonomy of machine learning concepts and applications.",neutral,0.98,"David J. Chalmers, Nick Bostrom, Alan Turing, Geoffrey Hinton, Yann LeCun, Yoshua Bengio, Andrew Ng, Fei-Fei Li, Ilya Sutskever, Demis Hassabis",Boston,"Google, CNN, IBM, Stanford University, Routledge, Time, Boston Review, ACM, Nature Reviews Psychology, OpenAI","What are the primary philosophical arguments for and against the possibility of consciousness in Large Language Models? | How do the various generative AI models like GPT, Claude, and Gemini differ in their implementation and use cases? | Who are the foundational figures responsible for the development of modern deep learning and neural network architectures?"
https://en.wikipedia.org/wiki/Large_language_model,16,"This text presents a comprehensive index of prominent researchers, neural network architectures, and socio-political themes associated with the development of artificial intelligence and large language models. It categorizes key figures from the history of AI alongside modern technical frameworks and the ethical, economic, and environmental impacts of the technology.",neutral,0.98,"Fukushima, Takeo Kanade, Marvin Minsky, John McCarthy, Nathaniel Rochester, Allen Newell, Cliff Shaw, Herbert A. Simon, Oliver Selfridge, Frank Rosenblatt, Bernard Widrow, Joseph Weizenbaum, Seymour Papert, Seppo Linnainmaa, Paul Werbos, Geoffrey Hinton, John Hopfield, Jürgen Schmidhuber, Yann LeCun, Yoshua Bengio, Lotfi A. Zadeh, Stephen Grossberg, Alex Graves, James Goodnight, Andrew Ng, Fei-Fei Li, Alex Krizhevsky, Ilya Sutskever, Oriol Vinyals, Quoc V. Le, Ian Goodfellow, Demis Hassabis, David Silver, Andrej Karpathy, Ashish Vaswani, Noam Shazeer, Aidan Gomez, John Schulman, Mustafa Suleyman, Jan Leike, Daniel Kokotajlo, François Chollet",US,"EU, Wikipedia",How have the listed researchers specifically contributed to the evolution of deep learning and large language models? | What are the primary regulatory goals of the EU AI Act mentioned in the political section? | What is the environmental impact of AI data centers in terms of energy and water consumption?
